tx_id;tx_size;tx_fee
tx1;230;2
tx2;291;1
tx3;219;1
tx4;200;1
tx5;201;1
tx6;302;1
tx7;201;1
tx8;202;1
tx9;302;2
tx10;230;3
tx11;291;1
tx12;219;2
tx13;200;3
tx14;201;1
tx15;302;2
tx16;201;3
tx17;202;1
tx18;302;2
tx19;230;3
tx20;291;1
tx21;219;2
tx22;200;3
tx23;201;1
tx24;302;2
tx25;201;3
tx26;202;1
tx27;302;2
tx28;230;3
tx29;291;1
tx30;219;2
tx31;200;3
tx32;201;1
tx33;302;2
tx34;201;3
tx35;202;1
tx36;302;2
tx37;230;3
tx38;291;1
tx39;219;2
tx40;200;3
tx41;201;1
tx42;302;2
tx43;201;3
tx44;202;1
tx45;302;2
tx46;230;3
tx47;291;1
tx48;219;2
tx49;200;3
tx50;201;1
tx51;302;2
tx52;201;3
tx53;202;1
tx54;302;2
tx55;230;3
tx56;291;1
tx57;219;2
tx58;200;3
tx59;201;1
tx60;302;2
tx61;201;3
tx62;202;1
tx63;302;2
tx64;230;3
tx65;291;1
tx66;219;2
tx67;200;3
tx68;201;1
tx69;302;2
tx70;201;3
tx71;202;1
tx72;302;2
tx73;230;3
tx74;291;1
tx75;219;2
tx76;200;3
tx77;201;1
tx78;302;2
tx79;201;3
tx80;202;1
tx81;302;2
tx82;230;3
tx83;291;1
tx84;219;2
tx85;200;3
tx86;201;1
tx87;302;2
tx88;201;3
tx89;202;1
tx90;302;2
tx91;230;3
tx92;291;1
tx93;219;2
tx94;200;3
tx95;201;1
tx96;302;2
tx97;201;3
tx98;202;1
tx99;302;2
tx100;230;3
tx101;291;1
tx102;219;2
tx103;200;3
tx104;201;1
tx105;302;2
tx106;201;3
tx107;202;1
tx108;302;2
tx109;230;3
tx110;291;1
tx111;219;2
tx112;200;3
tx113;201;1
tx114;302;2
tx115;201;3
tx116;202;1
tx117;302;2
tx118;230;3
tx119;291;1
tx120;219;2
tx121;200;3
tx122;201;1
tx123;302;2
tx124;201;3
tx125;202;1
tx126;302;2
tx127;230;3
tx128;291;1
tx129;219;2
tx130;200;3
tx131;201;1
tx132;302;2
tx133;201;3
tx134;202;1
tx135;302;2
tx136;230;3
tx137;291;1
tx138;219;2
tx139;200;3
tx140;201;1
tx141;302;2
tx142;201;3
tx143;202;1
tx144;302;2
tx145;230;3
tx146;291;1
tx147;219;2
tx148;200;3
tx149;201;1
tx150;302;2
tx151;201;3
tx152;202;1
tx153;302;2
tx154;230;3
tx155;291;1
tx156;219;2
tx157;200;3
tx158;201;1
tx159;302;2
tx160;201;3
tx161;202;1
tx162;302;2
tx163;230;3
tx164;291;1
tx165;219;2
tx166;200;3
tx167;201;1
tx168;302;2
tx169;201;3
tx170;202;1
tx171;302;2
tx172;230;3
tx173;291;1
tx174;219;2
tx175;200;3
tx176;201;1
tx177;302;2
tx178;201;3
tx179;202;1
tx180;302;2
tx181;230;3
tx182;291;1
tx183;219;2
tx184;200;3
tx185;201;1
tx186;302;2
tx187;201;3
tx188;202;1
tx189;302;2
tx190;230;3
tx191;291;1
tx192;219;2
tx193;200;3
tx194;201;1
tx195;302;2
tx196;201;3
tx197;202;1
tx198;302;2
tx199;230;3
tx200;291;1
tx201;219;2
tx202;200;3
tx203;201;1
tx204;302;2
tx205;201;3
tx206;202;1
tx207;302;2
tx208;230;3
tx209;291;1
tx210;219;2
tx211;200;3
tx212;201;1
tx213;302;2
tx214;201;3
tx215;202;1
tx216;302;2
tx217;230;3
tx218;291;1
tx219;219;2
tx220;200;3
tx221;201;1
tx222;302;2
tx223;201;3
tx224;202;1
tx225;302;2
tx226;230;3
tx227;291;1
tx228;219;2
tx229;200;3
tx230;201;1
tx231;302;2
tx232;201;3
tx233;202;1
tx234;302;2
tx235;230;3
tx236;291;1
tx237;219;2
tx238;200;3
tx239;201;1
tx240;302;2
tx241;201;3
tx242;202;1
tx243;302;2
tx244;230;3
tx245;291;1
tx246;219;2
tx247;200;3
tx248;201;1
tx249;302;2
tx250;201;3
tx251;202;1
tx252;302;2
tx253;230;3
tx254;291;1
tx255;219;2
tx256;200;3
tx257;201;1
tx258;302;2
tx259;201;3
tx260;202;1
tx261;302;2
tx262;230;3
tx263;291;1
tx264;219;2
tx265;200;3
tx266;201;1
tx267;302;2
tx268;201;3
tx269;202;1
tx270;302;2
tx271;230;3
tx272;291;1
tx273;219;2
tx274;200;3
tx275;201;1
tx276;302;2
tx277;201;3
tx278;202;1
tx279;302;2
tx280;230;3
tx281;291;1
tx282;219;2
tx283;200;3
tx284;201;1
tx285;302;2
tx286;201;3
tx287;202;1
tx288;302;2
tx289;230;3
tx290;291;1
tx291;219;2
tx292;200;3
tx293;201;1
tx294;302;2
tx295;201;3
tx296;202;1
tx297;302;2
tx298;230;3
tx299;291;1
tx300;219;2
tx301;200;3
tx302;201;1
tx303;302;2
tx304;201;3
tx305;202;1
tx306;302;2
tx307;230;3
tx308;291;1
tx309;219;2
tx310;200;3
tx311;201;1
tx312;302;2
tx313;201;3
tx314;202;1
tx315;302;2
tx316;230;3
tx317;291;1
tx318;219;2
tx319;200;3
tx320;201;1
tx321;302;2
tx322;201;3
tx323;202;1
tx324;302;2
tx325;230;3
tx326;291;1
tx327;219;2
tx328;200;3
tx329;201;1
tx330;302;2
tx331;201;3
tx332;202;1
tx333;302;2
tx334;230;3
tx335;291;1
tx336;219;2
tx337;200;3
tx338;201;1
tx339;302;2
tx340;201;3
tx341;202;1
tx342;302;2
tx343;230;3
tx344;291;1
tx345;219;2
tx346;200;3
tx347;201;1
tx348;302;2
tx349;201;3
tx350;202;1
tx351;302;2
tx352;230;3
tx353;291;1
tx354;219;2
tx355;200;3
tx356;201;1
tx357;302;2
tx358;201;3
tx359;202;1
tx360;302;2
tx361;230;3
tx362;291;1
tx363;219;2
tx364;200;3
tx365;201;1
tx366;302;2
tx367;201;3
tx368;202;1
tx369;302;2
tx370;230;3
tx371;291;1
tx372;219;2
tx373;200;3
tx374;201;1
tx375;302;2
tx376;201;3
tx377;202;1
tx378;302;2
tx379;230;3
tx380;291;1
tx381;219;2
tx382;200;3
tx383;201;1
tx384;302;2
tx385;201;3
tx386;202;1
tx387;302;2
tx388;230;3
tx389;291;1
tx390;219;2
tx391;200;3
tx392;201;1
tx393;302;2
tx394;201;3
tx395;202;1
tx396;302;2
tx397;230;3
tx398;291;1
tx399;219;2
tx400;200;3
tx401;201;1
tx402;302;2
tx403;201;3
tx404;202;1
tx405;302;2
tx406;230;3
tx407;291;1
tx408;219;2
tx409;200;3
tx410;201;1
tx411;302;2
tx412;201;3
tx413;202;1
tx414;302;2
tx415;230;3
tx416;291;1
tx417;219;2
tx418;200;3
tx419;201;1
tx420;302;2
tx421;201;3
tx422;202;1
tx423;302;2
tx424;230;3
tx425;291;1
tx426;219;2
tx427;200;3
tx428;201;1
tx429;302;2
tx430;201;3
tx431;202;1
tx432;302;2
tx433;230;3
tx434;291;1
tx435;219;2
tx436;200;3
tx437;201;1
tx438;302;2
tx439;201;3
tx440;202;1
tx441;302;2
tx442;230;3
tx443;291;1
tx444;219;2
tx445;200;3
tx446;201;1
tx447;302;2
tx448;201;3
tx449;202;1
tx450;302;2
tx451;230;3
tx452;291;1
tx453;219;2
tx454;200;3
tx455;201;1
tx456;302;2
tx457;201;3
tx458;202;1
tx459;302;2
tx460;230;3
tx461;291;1
tx462;219;2
tx463;200;3
tx464;201;1
tx465;302;2
tx466;201;3
tx467;202;1
tx468;302;2
tx469;230;3
tx470;291;1
tx471;219;2
tx472;200;3
tx473;201;1
tx474;302;2
tx475;201;3
tx476;202;1
tx477;302;2
tx478;230;3
tx479;291;1
tx480;219;2
tx481;200;3
tx482;201;1
tx483;302;2
tx484;201;3
tx485;202;1
tx486;302;2
tx487;230;3
tx488;291;1
tx489;219;2
tx490;200;3
tx491;201;1
tx492;302;2
tx493;201;3
tx494;202;1
tx495;302;2
tx496;230;3
tx497;291;1
tx498;219;2
tx499;200;3
tx500;201;1
tx501;302;2
tx502;201;3
tx503;202;1
tx504;302;2
tx505;230;3
tx506;291;1
tx507;219;2
tx508;200;3
tx509;201;1
tx510;302;2
tx511;201;3
tx512;202;1
tx513;302;2
tx514;230;3
tx515;291;1
tx516;219;2
tx517;200;3
tx518;201;1
tx519;302;2
tx520;201;3
tx521;202;1
tx522;302;2
tx523;230;3
tx524;291;1
tx525;219;2
tx526;200;3
tx527;201;1
tx528;302;2
tx529;201;3
tx530;202;1
tx531;302;2
tx532;230;3
tx533;291;1
tx534;219;2
tx535;200;3
tx536;201;1
tx537;302;2
tx538;201;3
tx539;202;1
tx540;302;2
tx541;230;3
tx542;291;1
tx543;219;2
tx544;200;3
tx545;201;1
tx546;302;2
tx547;201;3
tx548;202;1
tx549;302;2
tx550;230;3
tx551;291;1
tx552;219;2
tx553;200;3
tx554;201;1
tx555;302;2
tx556;201;3
tx557;202;1
tx558;302;2
tx559;230;3
tx560;291;1
tx561;219;2
tx562;200;3
tx563;201;1
tx564;302;2
tx565;201;3
tx566;202;1
tx567;302;2
tx568;230;3
tx569;291;1
tx570;219;2
tx571;200;3
tx572;201;1
tx573;302;2
tx574;201;3
tx575;202;1
tx576;302;2
tx577;230;3
tx578;291;1
tx579;219;2
tx580;200;3
tx581;201;1
tx582;302;2
tx583;201;3
tx584;202;1
tx585;302;2
tx586;230;3
tx587;291;1
tx588;219;2
tx589;200;3
tx590;201;1
tx591;302;2
tx592;201;3
tx593;202;1
tx594;302;2
tx595;230;3
tx596;291;1
tx597;219;2
tx598;200;3
tx599;201;1
tx600;302;2
tx601;201;3
tx602;202;1
tx603;302;2
tx604;230;3
tx605;291;1
tx606;219;2
tx607;200;3
tx608;201;1
tx609;302;2
tx610;201;3
tx611;202;1
tx612;302;2
tx613;230;3
tx614;291;1
tx615;219;2
tx616;200;3
tx617;201;1
tx618;302;2
tx619;201;3
tx620;202;1
tx621;302;2
tx622;230;3
tx623;291;1
tx624;219;2
tx625;200;3
tx626;201;1
tx627;302;2
tx628;201;3
tx629;202;1
tx630;302;2
tx631;230;3
tx632;291;1
tx633;219;2
tx634;200;3
tx635;201;1
tx636;302;2
tx637;201;3
tx638;202;1
tx639;302;2
tx640;230;3
tx641;291;1
tx642;219;2
tx643;200;3
tx644;201;1
tx645;302;2
tx646;201;3
tx647;202;1
tx648;302;2
tx649;230;3
tx650;291;1
tx651;219;2
tx652;200;3
tx653;201;1
tx654;302;2
tx655;201;3
tx656;202;1
tx657;302;2
tx658;230;3
tx659;291;1
tx660;219;2
tx661;200;3
tx662;201;1
tx663;302;2
tx664;201;3
tx665;202;1
tx666;302;2
tx667;230;3
tx668;291;1
tx669;219;2
tx670;200;3
tx671;201;1
tx672;302;2
tx673;201;3
tx674;202;1
tx675;302;2
tx676;230;3
tx677;291;1
tx678;219;2
tx679;200;3
tx680;201;1
tx681;302;2
tx682;201;3
tx683;202;1
tx684;302;2
tx685;230;3
tx686;291;1
tx687;219;2
tx688;200;3
tx689;201;1
tx690;302;2
tx691;201;3
tx692;202;1
tx693;302;2
tx694;230;3
tx695;291;1
tx696;219;2
tx697;200;3
tx698;201;1
tx699;302;2
tx700;201;3
tx701;202;1
tx702;302;2
tx703;230;3
tx704;291;1
tx705;219;2
tx706;200;3
tx707;201;1
tx708;302;2
tx709;201;3
tx710;202;1
tx711;302;2
tx712;230;3
tx713;291;1
tx714;219;2
tx715;200;3
tx716;201;1
tx717;302;2
tx718;201;3
tx719;202;1
tx720;302;2
tx721;230;3
tx722;291;1
tx723;219;2
tx724;200;3
tx725;201;1
tx726;302;2
tx727;201;3
tx728;202;1
tx729;302;2
tx730;230;3
tx731;291;1
tx732;219;2
tx733;200;3
tx734;201;1
tx735;302;2
tx736;201;3
tx737;202;1
tx738;302;2
tx739;230;3
tx740;291;1
tx741;219;2
tx742;200;3
tx743;201;1
tx744;302;2
tx745;201;3
tx746;202;1
tx747;302;2
tx748;230;3
tx749;291;1
tx750;219;2
tx751;200;3
tx752;201;1
tx753;302;2
tx754;201;3
tx755;202;1
tx756;302;2
tx757;230;3
tx758;291;1
tx759;219;2
tx760;200;3
tx761;201;1
tx762;302;2
tx763;201;3
tx764;202;1
tx765;302;2
tx766;230;3
tx767;291;1
tx768;219;2
tx769;200;3
tx770;201;1
tx771;302;2
tx772;201;3
tx773;202;1
tx774;302;2
tx775;230;3
tx776;291;1
tx777;219;2
tx778;200;3
tx779;201;1
tx780;302;2
tx781;201;3
tx782;202;1
tx783;302;2
tx784;230;3
tx785;291;1
tx786;219;2
tx787;200;3
tx788;201;1
tx789;302;2
tx790;201;3
tx791;202;1
tx792;302;2
tx793;230;3
tx794;291;1
tx795;219;2
tx796;200;3
tx797;201;1
tx798;302;2
tx799;201;3
tx800;202;1
tx801;302;2
tx802;230;3
tx803;291;1
tx804;219;2
tx805;200;3
tx806;201;1
tx807;302;2
tx808;201;3
tx809;202;1
tx810;302;2
tx811;230;3
tx812;291;1
tx813;219;2
tx814;200;3
tx815;201;1
tx816;302;2
tx817;201;3
tx818;202;1
tx819;302;2
tx820;230;3
tx821;291;1
tx822;219;2
tx823;200;3
tx824;201;1
tx825;302;2
tx826;201;3
tx827;202;1
tx828;302;2
tx829;230;3
tx830;291;1
tx831;219;2
tx832;200;3
tx833;201;1
tx834;302;2
tx835;201;3
tx836;202;1
tx837;302;2
tx838;230;3
tx839;291;1
tx840;219;2
tx841;200;3
tx842;201;1
tx843;302;2
tx844;201;3
tx845;202;1
tx846;302;2
tx847;230;3
tx848;291;1
tx849;219;2
tx850;200;3
tx851;201;1
tx852;302;2
tx853;201;3
tx854;202;1
tx855;302;2
tx856;230;3
tx857;291;1
tx858;219;2
tx859;200;3
tx860;201;1
tx861;302;2
tx862;201;3
tx863;202;1
tx864;302;2
tx865;230;3
tx866;291;1
tx867;219;2
tx868;200;3
tx869;201;1
tx870;302;2
tx871;201;3
tx872;202;1
tx873;302;2
tx874;230;3
tx875;291;1
tx876;219;2
tx877;200;3
tx878;201;1
tx879;302;2
tx880;201;3
tx881;202;1
tx882;302;2
tx883;230;3
tx884;291;1
tx885;219;2
tx886;200;3
tx887;201;1
tx888;302;2
tx889;201;3
tx890;202;1
tx891;302;2
tx892;230;3
tx893;291;1
tx894;219;2
tx895;200;3
tx896;201;1
tx897;302;2
tx898;201;3
tx899;202;1
tx900;302;2
tx901;230;3
tx902;291;1
tx903;219;2
tx904;200;3
tx905;201;1
tx906;302;2
tx907;201;3
tx908;202;1
tx909;302;2
tx910;230;3
tx911;291;1
tx912;219;2
tx913;200;3
tx914;201;1
tx915;302;2
tx916;201;3
tx917;202;1
tx918;302;2
tx919;230;3
tx920;291;1
tx921;219;2
tx922;200;3
tx923;201;1
tx924;302;2
tx925;201;3
tx926;202;1
tx927;302;2
tx928;230;3
tx929;291;1
tx930;219;2
tx931;200;3
tx932;201;1
tx933;302;2
tx934;201;3
tx935;202;1
tx936;302;2
tx937;230;3
tx938;291;1
tx939;219;2
tx940;200;3
tx941;201;1
tx942;302;2
tx943;201;3
tx944;202;1
tx945;302;2
tx946;230;3
tx947;291;1
tx948;219;2
tx949;200;3
tx950;201;1
tx951;302;2
tx952;201;3
tx953;202;1
tx954;302;2
tx955;230;3
tx956;291;1
tx957;219;2
tx958;200;3
tx959;201;1
tx960;302;2
tx961;201;3
tx962;202;1
tx963;302;2
tx964;230;3
tx965;291;1
tx966;219;2
tx967;200;3
tx968;201;1
tx969;302;2
tx970;201;3
tx971;202;1
tx972;302;2
tx973;230;3
tx974;291;1
tx975;219;2
tx976;200;3
tx977;201;1
tx978;302;2
tx979;201;3
tx980;202;1
tx981;302;2
tx982;230;3
tx983;291;1
tx984;219;2
tx985;200;3
tx986;201;1
tx987;302;2
tx988;201;3
tx989;202;1
tx990;302;2
tx991;230;3
tx992;291;1
tx993;219;2
tx994;200;3
tx995;201;1
tx996;302;2
tx997;201;3
tx998;202;3
tx999;302;4
tx1000;230;2
tx1001;291;1
tx1002;219;1
tx1003;200;1
tx1004;201;1
tx1005;302;1
tx1006;201;1
tx1007;202;1
tx1008;302;2
tx1009;230;3
tx1010;291;1
tx1011;219;2
tx1012;200;3
tx1013;201;1
tx1014;302;2
tx1015;201;3
tx1016;202;1
tx1017;302;2
tx1018;230;3
tx1019;291;1
tx1020;219;2
tx1021;200;3
tx1022;201;1
tx1023;302;2
tx1024;201;3
tx1025;202;1
tx1026;302;2
tx1027;230;3
tx1028;291;1
tx1029;219;2
tx1030;200;3
tx1031;201;1
tx1032;302;2
tx1033;201;3
tx1034;202;1
tx1035;302;2
tx1036;230;3
tx1037;291;1
tx1038;219;2
tx1039;200;3
tx1040;201;1
tx1041;302;2
tx1042;201;3
tx1043;202;1
tx1044;302;2
tx1045;230;3
tx1046;291;1
tx1047;219;2
tx1048;200;3
tx1049;201;1
tx1050;302;2
tx1051;201;3
tx1052;202;1
tx1053;302;2
tx1054;230;3
tx1055;291;1
tx1056;219;2
tx1057;200;3
tx1058;201;1
tx1059;302;2
tx1060;201;3
tx1061;202;1
tx1062;302;2
tx1063;230;3
tx1064;291;1
tx1065;219;2
tx1066;200;3
tx1067;201;1
tx1068;302;2
tx1069;201;3
tx1070;202;1
tx1071;302;2
tx1072;230;3
tx1073;291;1
tx1074;219;2
tx1075;200;3
tx1076;201;1
tx1077;302;2
tx1078;201;3
tx1079;202;1
tx1080;302;2
tx1081;230;3
tx1082;291;1
tx1083;219;2
tx1084;200;3
tx1085;201;1
tx1086;302;2
tx1087;201;3
tx1088;202;1
tx1089;302;2
tx1090;230;3
tx1091;291;1
tx1092;219;2
tx1093;200;3
tx1094;201;1
tx1095;302;2
tx1096;201;3
tx1097;202;1
tx1098;302;2
tx1099;230;3
tx1100;291;1
tx1101;219;2
tx1102;200;3
tx1103;201;1
tx1104;302;2
tx1105;201;3
tx1106;202;1
tx1107;302;2
tx1108;230;3
tx1109;291;1
tx1110;219;2
tx1111;200;3
tx1112;201;1
tx1113;302;2
tx1114;201;3
tx1115;202;1
tx1116;302;2
tx1117;230;3
tx1118;291;1
tx1119;219;2
tx1120;200;3
tx1121;201;1
tx1122;302;2
tx1123;201;3
tx1124;202;1
tx1125;302;2
tx1126;230;3
tx1127;291;1
tx1128;219;2
tx1129;200;3
tx1130;201;1
tx1131;302;2
tx1132;201;3
tx1133;202;1
tx1134;302;2
tx1135;230;3
tx1136;291;1
tx1137;219;2
tx1138;200;3
tx1139;201;1
tx1140;302;2
tx1141;201;3
tx1142;202;1
tx1143;302;2
tx1144;230;3
tx1145;291;1
tx1146;219;2
tx1147;200;3
tx1148;201;1
tx1149;302;2
tx1150;201;3
tx1151;202;1
tx1152;302;2
tx1153;230;3
tx1154;291;1
tx1155;219;2
tx1156;200;3
tx1157;201;1
tx1158;302;2
tx1159;201;3
tx1160;202;1
tx1161;302;2
tx1162;230;3
tx1163;291;1
tx1164;219;2
tx1165;200;3
tx1166;201;1
tx1167;302;2
tx1168;201;3
tx1169;202;1
tx1170;302;2
tx1171;230;3
tx1172;291;1
tx1173;219;2
tx1174;200;3
tx1175;201;1
tx1176;302;2
tx1177;201;3
tx1178;202;1
tx1179;302;2
tx1180;230;3
tx1181;291;1
tx1182;219;2
tx1183;200;3
tx1184;201;1
tx1185;302;2
tx1186;201;3
tx1187;202;1
tx1188;302;2
tx1189;230;3
tx1190;291;1
tx1191;219;2
tx1192;200;3
tx1193;201;1
tx1194;302;2
tx1195;201;3
tx1196;202;1
tx1197;302;2
tx1198;230;3
tx1199;291;1
tx1200;219;2
tx1201;200;3
tx1202;201;1
tx1203;302;2
tx1204;201;3
tx1205;202;1
tx1206;302;2
tx1207;230;3
tx1208;291;1
tx1209;219;2
tx1210;200;3
tx1211;201;1
tx1212;302;2
tx1213;201;3
tx1214;202;1
tx1215;302;2
tx1216;230;3
tx1217;291;1
tx1218;219;2
tx1219;200;3
tx1220;201;1
tx1221;302;2
tx1222;201;3
tx1223;202;1
tx1224;302;2
tx1225;230;3
tx1226;291;1
tx1227;219;2
tx1228;200;3
tx1229;201;1
tx1230;302;2
tx1231;201;3
tx1232;202;1
tx1233;302;2
tx1234;230;3
tx1235;291;1
tx1236;219;2
tx1237;200;3
tx1238;201;1
tx1239;302;2
tx1240;201;3
tx1241;202;1
tx1242;302;2
tx1243;230;3
tx1244;291;1
tx1245;219;2
tx1246;200;3
tx1247;201;1
tx1248;302;2
tx1249;201;3
tx1250;202;1
tx1251;302;2
tx1252;230;3
tx1253;291;1
tx1254;219;2
tx1255;200;3
tx1256;201;1
tx1257;302;2
tx1258;201;3
tx1259;202;1
tx1260;302;2
tx1261;230;3
tx1262;291;1
tx1263;219;2
tx1264;200;3
tx1265;201;1
tx1266;302;2
tx1267;201;3
tx1268;202;1
tx1269;302;2
tx1270;230;3
tx1271;291;1
tx1272;219;2
tx1273;200;3
tx1274;201;1
tx1275;302;2
tx1276;201;3
tx1277;202;1
tx1278;302;2
tx1279;230;3
tx1280;291;1
tx1281;219;2
tx1282;200;3
tx1283;201;1
tx1284;302;2
tx1285;201;3
tx1286;202;1
tx1287;302;2
tx1288;230;3
tx1289;291;1
tx1290;219;2
tx1291;200;3
tx1292;201;1
tx1293;302;2
tx1294;201;3
tx1295;202;1
tx1296;302;2
tx1297;230;3
tx1298;291;1
tx1299;219;2
tx1300;200;3
tx1301;201;1
tx1302;302;2
tx1303;201;3
tx1304;202;1
tx1305;302;2
tx1306;230;3
tx1307;291;1
tx1308;219;2
tx1309;200;3
tx1310;201;1
tx1311;302;2
tx1312;201;3
tx1313;202;1
tx1314;302;2
tx1315;230;3
tx1316;291;1
tx1317;219;2
tx1318;200;3
tx1319;201;1
tx1320;302;2
tx1321;201;3
tx1322;202;1
tx1323;302;2
tx1324;230;3
tx1325;291;1
tx1326;219;2
tx1327;200;3
tx1328;201;1
tx1329;302;2
tx1330;201;3
tx1331;202;1
tx1332;302;2
tx1333;230;3
tx1334;291;1
tx1335;219;2
tx1336;200;3
tx1337;201;1
tx1338;302;2
tx1339;201;3
tx1340;202;1
tx1341;302;2
tx1342;230;3
tx1343;291;1
tx1344;219;2
tx1345;200;3
tx1346;201;1
tx1347;302;2
tx1348;201;3
tx1349;202;1
tx1350;302;2
tx1351;230;3
tx1352;291;1
tx1353;219;2
tx1354;200;3
tx1355;201;1
tx1356;302;2
tx1357;201;3
tx1358;202;1
tx1359;230;2
tx1360;291;3
tx1361;219;1
tx1362;200;2
tx1363;201;3
tx1364;302;1
tx1365;201;2
tx1366;202;3
tx1367;302;1
tx1368;230;2
tx1369;291;3
tx1370;219;1
tx1371;200;2
tx1372;201;3
tx1373;302;1
tx1374;201;2
tx1375;202;3
tx1376;302;1
tx1377;230;2
tx1378;291;3
tx1379;219;1
tx1380;200;2
tx1381;201;3
tx1382;302;1
tx1383;201;2
tx1384;202;3
tx1385;302;1
tx1386;230;2
tx1387;291;3
tx1388;219;1
tx1389;200;2
tx1390;201;3
tx1391;302;1
tx1392;201;2
tx1393;202;3
tx1394;302;1
tx1395;230;2
tx1396;291;3
tx1397;219;1
tx1398;200;2
tx1399;201;3
tx1400;302;1
tx1401;201;2
tx1402;202;3
tx1403;302;1
tx1404;230;2
tx1405;291;3
tx1406;219;1
tx1407;200;2
tx1408;201;3
tx1409;302;1
tx1410;201;2
tx1411;202;3
tx1412;302;1
tx1413;230;2
tx1414;291;3
tx1415;219;1
tx1416;200;2
tx1417;201;3
tx1418;302;1
tx1419;201;2
tx1420;202;3
tx1421;302;1
tx1422;230;2
tx1423;291;3
tx1424;219;1
tx1425;200;2
tx1426;201;3
tx1427;302;1
tx1428;201;2
tx1429;202;3
tx1430;302;1
tx1431;230;2
tx1432;291;3
tx1433;219;1
tx1434;200;2
tx1435;201;3
tx1436;302;1
tx1437;201;2
tx1438;202;3
tx1439;302;1
tx1440;230;2
tx1441;291;3
tx1442;219;1
tx1443;200;2
tx1444;201;3
tx1445;302;1
tx1446;201;2
tx1447;202;3
tx1448;302;1
tx1449;230;2
tx1450;291;3
tx1451;219;1
tx1452;200;2
tx1453;201;3
tx1454;302;1
tx1455;201;2
tx1456;202;3
tx1457;302;1
tx1458;230;2
tx1459;291;3
tx1460;219;1
tx1461;200;2
tx1462;201;3
tx1463;302;1
tx1464;201;2
tx1465;202;3
tx1466;302;1
tx1467;230;2
tx1468;291;3
tx1469;219;1
tx1470;200;2
tx1471;201;3
tx1472;302;1
tx1473;201;2
tx1474;202;3
tx1475;302;1
tx1476;230;2
tx1477;291;3
tx1478;219;1
tx1479;200;2
tx1480;201;3
tx1481;302;1
tx1482;201;2
tx1483;202;3
tx1484;302;1
tx1485;230;2
tx1486;291;3
tx1487;219;1
tx1488;200;2
tx1489;201;3
tx1490;302;1
tx1491;201;2
tx1492;202;3
tx1493;302;1
tx1494;230;2
tx1495;291;3
tx1496;219;1
tx1497;200;2
tx1498;201;3
tx1499;302;1
tx1500;302;2
tx1501;230;3
tx1502;291;1
tx1503;219;2
tx1504;200;3
tx1505;201;1
tx1506;302;2
tx1507;201;3
tx1508;202;1
tx1509;302;2
tx1510;230;3
tx1511;291;1
tx1512;219;2
tx1513;200;3
tx1514;201;1
tx1515;302;2
tx1516;201;3
tx1517;202;1
tx1518;302;2
tx1519;230;3
tx1520;291;1
tx1521;219;2
tx1522;200;3
tx1523;201;1
tx1524;302;2
tx1525;201;3
tx1526;202;1
tx1527;302;2
tx1528;230;3
tx1529;291;1
tx1530;219;2
tx1531;200;3
tx1532;201;1
tx1533;302;2
tx1534;201;3
tx1535;202;1
tx1536;302;2
tx1537;230;3
tx1538;291;1
tx1539;219;2
tx1540;200;3
tx1541;201;1
tx1542;302;2
tx1543;201;3
tx1544;202;1
tx1545;302;2
tx1546;230;3
tx1547;291;1
tx1548;219;2
tx1549;200;3
tx1550;201;1
tx1551;302;2
tx1552;201;3
tx1553;202;1
tx1554;302;2
tx1555;230;3
tx1556;291;1
tx1557;219;2
tx1558;200;3
tx1559;201;1
tx1560;302;2
tx1561;201;3
tx1562;202;1
tx1563;302;2
tx1564;230;3
tx1565;291;1
tx1566;219;2
tx1567;200;3
tx1568;201;1
tx1569;302;2
tx1570;201;3
tx1571;202;1
tx1572;302;2
tx1573;230;3
tx1574;291;1
tx1575;219;2
tx1576;200;3
tx1577;201;1
tx1578;302;2
tx1579;201;3
tx1580;202;1
tx1581;302;2
tx1582;230;3
tx1583;291;1
tx1584;219;2
tx1585;200;3
tx1586;201;1
tx1587;302;2
tx1588;201;3
tx1589;202;1
tx1590;302;2
tx1591;230;3
tx1592;291;1
tx1593;219;2
tx1594;200;3
tx1595;201;1
tx1596;302;2
tx1597;201;3
tx1598;202;1
tx1599;302;2
tx1600;230;3
tx1601;291;1
tx1602;219;2
tx1603;200;3
tx1604;201;1
tx1605;302;2
tx1606;201;3
tx1607;202;1
tx1608;302;2
tx1609;230;3
tx1610;291;1
tx1611;219;2
tx1612;200;3
tx1613;201;1
tx1614;302;2
tx1615;201;3
tx1616;202;1
tx1617;302;2
tx1618;230;3
tx1619;291;1
tx1620;219;2
tx1621;200;3
tx1622;201;1
tx1623;302;2
tx1624;201;3
tx1625;202;1
tx1626;302;2
tx1627;230;3
tx1628;291;1
tx1629;219;2
tx1630;200;3
tx1631;201;1
tx1632;302;2
tx1633;201;3
tx1634;202;1
tx1635;302;2
tx1636;230;3
tx1637;291;1
tx1638;219;2
tx1639;200;3
tx1640;201;1
tx1641;302;2
tx1642;201;3
tx1643;202;1
tx1644;302;2
tx1645;230;3
tx1646;291;1
tx1647;219;2
tx1648;200;3
tx1649;201;1
tx1650;302;2
tx1651;201;3
tx1652;202;1
tx1653;302;2
tx1654;230;3
tx1655;291;1
tx1656;219;2
tx1657;200;3
tx1658;201;1
tx1659;302;2
tx1660;201;3
tx1661;202;1
tx1662;302;2
tx1663;230;3
tx1664;291;1
tx1665;219;2
tx1666;200;3
tx1667;201;1
tx1668;302;2
tx1669;201;3
tx1670;202;1
tx1671;302;2
tx1672;230;3
tx1673;291;1
tx1674;219;2
tx1675;200;3
tx1676;201;1
tx1677;302;2
tx1678;201;3
tx1679;202;1
tx1680;302;2
tx1681;230;3
tx1682;291;1
tx1683;219;2
tx1684;200;3
tx1685;201;1
tx1686;302;2
tx1687;201;3
tx1688;202;1
tx1689;302;2
tx1690;230;3
tx1691;291;1
tx1692;219;2
tx1693;200;3
tx1694;201;1
tx1695;302;2
tx1696;201;3
tx1697;202;1
tx1698;302;2
tx1699;230;3
tx1700;291;1
tx1701;219;2
tx1702;200;3
tx1703;201;1
tx1704;302;2
tx1705;201;3
tx1706;202;1
tx1707;302;2
tx1708;230;3
tx1709;291;1
tx1710;219;2
tx1711;200;3
tx1712;201;1
tx1713;302;2
tx1714;201;3
tx1715;202;1
tx1716;302;2
tx1717;230;3
tx1718;291;1
tx1719;219;2
tx1720;200;3
tx1721;201;1
tx1722;302;2
tx1723;201;3
tx1724;202;1
tx1725;302;2
tx1726;230;3
tx1727;291;1
tx1728;219;2
tx1729;200;3
tx1730;201;1
tx1731;302;2
tx1732;201;3
tx1733;202;1
tx1734;302;2
tx1735;230;3
tx1736;291;1
tx1737;219;2
tx1738;200;3
tx1739;201;1
tx1740;302;2
tx1741;201;3
tx1742;202;1
tx1743;302;2
tx1744;230;3
tx1745;291;1
tx1746;219;2
tx1747;200;3
tx1748;201;1
tx1749;302;2
tx1750;201;3
tx1751;202;1
tx1752;302;2
tx1753;230;3
tx1754;291;1
tx1755;219;2
tx1756;200;3
tx1757;201;1
tx1758;302;2
tx1759;201;3
tx1760;202;1
tx1761;302;2
tx1762;230;3
tx1763;291;1
tx1764;219;2
tx1765;200;3
tx1766;201;1
tx1767;302;2
tx1768;201;3
tx1769;202;1
tx1770;302;2
tx1771;230;3
tx1772;291;1
tx1773;219;2
tx1774;200;3
tx1775;201;1
tx1776;302;2
tx1777;201;3
tx1778;202;1
tx1779;302;2
tx1780;230;3
tx1781;291;1
tx1782;219;2
tx1783;200;3
tx1784;201;1
tx1785;302;2
tx1786;201;3
tx1787;202;1
tx1788;302;2
tx1789;230;3
tx1790;291;1
tx1791;219;2
tx1792;200;3
tx1793;201;1
tx1794;302;2
tx1795;201;3
tx1796;202;1
tx1797;302;2
tx1798;230;3
tx1799;291;1
tx1800;219;2
tx1801;200;3
tx1802;201;1
tx1803;302;2
tx1804;201;3
tx1805;202;1
tx1806;302;2
tx1807;230;3
tx1808;291;1
tx1809;219;2
tx1810;200;3
tx1811;201;1
tx1812;302;2
tx1813;201;3
tx1814;202;1
tx1815;302;2
tx1816;230;3
tx1817;291;1
tx1818;219;2
tx1819;200;3
tx1820;201;1
tx1821;302;2
tx1822;201;3
tx1823;202;1
tx1824;302;2
tx1825;230;3
tx1826;291;1
tx1827;219;2
tx1828;200;3
tx1829;201;1
tx1830;302;2
tx1831;201;3
tx1832;202;1
tx1833;302;2
tx1834;230;3
tx1835;291;1
tx1836;219;2
tx1837;200;3
tx1838;201;1
tx1839;302;2
tx1840;201;3
tx1841;202;1
tx1842;302;2
tx1843;230;3
tx1844;291;1
tx1845;219;2
tx1846;200;3
tx1847;201;1
tx1848;302;2
tx1849;201;3
tx1850;202;1
tx1851;302;2
tx1852;230;3
tx1853;291;1
tx1854;219;2
tx1855;200;3
tx1856;201;1
tx1857;302;2
tx1858;201;3
tx1859;202;1
tx1860;302;2
tx1861;230;3
tx1862;291;1
tx1863;219;2
tx1864;200;3
tx1865;201;1
tx1866;302;2
tx1867;201;3
tx1868;202;1
tx1869;302;2
tx1870;230;3
tx1871;291;1
tx1872;219;2
tx1873;200;3
tx1874;201;1
tx1875;302;2
tx1876;201;3
tx1877;202;1
tx1878;302;2
tx1879;230;3
tx1880;291;1
tx1881;219;2
tx1882;200;3
tx1883;201;1
tx1884;302;2
tx1885;201;3
tx1886;202;1
tx1887;302;2
tx1888;230;3
tx1889;291;1
tx1890;219;2
tx1891;200;3
tx1892;201;1
tx1893;302;2
tx1894;201;3
tx1895;202;1
tx1896;302;2
tx1897;230;3
tx1898;291;1
tx1899;219;2
tx1900;200;3
tx1901;201;1
tx1902;302;2
tx1903;201;3
tx1904;202;1
tx1905;302;2
tx1906;230;3
tx1907;291;1
tx1908;219;2
tx1909;200;3
tx1910;201;1
tx1911;302;2
tx1912;201;3
tx1913;202;1
tx1914;302;2
tx1915;230;3
tx1916;291;1
tx1917;219;2
tx1918;200;3
tx1919;201;1
tx1920;302;2
tx1921;201;3
tx1922;202;1
tx1923;302;2
tx1924;230;3
tx1925;291;1
tx1926;219;2
tx1927;200;3
tx1928;201;1
tx1929;302;2
tx1930;201;3
tx1931;202;1
tx1932;302;2
tx1933;230;3
tx1934;291;1
tx1935;219;2
tx1936;200;3
tx1937;201;1
tx1938;302;2
tx1939;201;3
tx1940;202;1
tx1941;302;2
tx1942;230;3
tx1943;291;1
tx1944;219;2
tx1945;200;3
tx1946;201;1
tx1947;302;2
tx1948;201;3
tx1949;202;1
tx1950;302;2
tx1951;230;3
tx1952;291;1
tx1953;219;2
tx1954;200;3
tx1955;201;1
tx1956;302;2
tx1957;201;3
tx1958;202;1
tx1959;302;2
tx1960;230;3
tx1961;291;1
tx1962;219;2
tx1963;200;3
tx1964;201;1
tx1965;302;2
tx1966;201;3
tx1967;202;1
tx1968;302;2
tx1969;230;3
tx1970;291;1
tx1971;219;2
tx1972;200;3
tx1973;201;1
tx1974;302;2
tx1975;201;3
tx1976;202;1
tx1977;302;2
tx1978;230;3
tx1979;291;1
tx1980;219;2
tx1981;200;3
tx1982;201;1
tx1983;302;2
tx1984;201;3
tx1985;202;1
tx1986;302;2
tx1987;230;3
tx1988;291;1
tx1989;219;2
tx1990;200;3
tx1991;201;1
tx1992;302;2
tx1993;201;3
tx1994;202;1
tx1995;302;2
tx1996;230;3
tx1997;291;3
tx1998;219;4
tx1999;200;2
tx2000;201;1
tx2001;302;1
tx2002;201;1
tx2003;202;1
tx2004;302;1
tx2005;230;1
tx2006;291;1
tx2007;219;2
tx2008;200;3
tx2009;201;1
tx2010;302;2
tx2011;201;3
tx2012;202;1
tx2013;302;2
tx2014;230;3
tx2015;291;1
tx2016;219;2
tx2017;200;3
tx2018;201;1
tx2019;302;2
tx2020;201;3
tx2021;202;1
tx2022;302;2
tx2023;230;3
tx2024;291;1
tx2025;219;2
tx2026;200;3
tx2027;201;1
tx2028;302;2
tx2029;201;3
tx2030;202;1
tx2031;302;2
tx2032;230;3
tx2033;291;1
tx2034;219;2
tx2035;200;3
tx2036;201;1
tx2037;302;2
tx2038;201;3
tx2039;202;1
tx2040;302;2
tx2041;230;3
tx2042;291;1
tx2043;219;2
tx2044;200;3
tx2045;201;1
tx2046;302;2
tx2047;201;3
tx2048;202;1
tx2049;302;2
tx2050;230;3
tx2051;291;1
tx2052;219;2
tx2053;200;3
tx2054;201;1
tx2055;302;2
tx2056;201;3
tx2057;202;1
tx2058;302;2
tx2059;230;3
tx2060;291;1
tx2061;219;2
tx2062;200;3
tx2063;201;1
tx2064;302;2
tx2065;201;3
tx2066;202;1
tx2067;302;2
tx2068;230;3
tx2069;291;1
tx2070;219;2
tx2071;200;3
tx2072;201;1
tx2073;302;2
tx2074;201;3
tx2075;202;1
tx2076;302;2
tx2077;230;3
tx2078;291;1
tx2079;219;2
tx2080;200;3
tx2081;201;1
tx2082;302;2
tx2083;201;3
tx2084;202;1
tx2085;302;2
tx2086;230;3
tx2087;291;1
tx2088;219;2
tx2089;200;3
tx2090;201;1
tx2091;302;2
tx2092;201;3
tx2093;202;1
tx2094;302;2
tx2095;230;3
tx2096;291;1
tx2097;219;2
tx2098;200;3
tx2099;201;1
tx2100;302;2
tx2101;201;3
tx2102;202;1
tx2103;302;2
tx2104;230;3
tx2105;291;1
tx2106;219;2
tx2107;200;3
tx2108;201;1
tx2109;302;2
tx2110;201;3
tx2111;202;1
tx2112;302;2
tx2113;230;3
tx2114;291;1
tx2115;219;2
tx2116;200;3
tx2117;201;1
tx2118;302;2
tx2119;201;3
tx2120;202;1
tx2121;302;2
tx2122;230;3
tx2123;291;1
tx2124;219;2
tx2125;200;3
tx2126;201;1
tx2127;302;2
tx2128;201;3
tx2129;202;1
tx2130;302;2
tx2131;230;3
tx2132;291;1
tx2133;219;2
tx2134;200;3
tx2135;201;1
tx2136;302;2
tx2137;201;3
tx2138;202;1
tx2139;302;2
tx2140;230;3
tx2141;291;1
tx2142;219;2
tx2143;200;3
tx2144;201;1
tx2145;302;2
tx2146;201;3
tx2147;202;1
tx2148;302;2
tx2149;230;3
tx2150;291;1
tx2151;219;2
tx2152;200;3
tx2153;201;1
tx2154;302;2
tx2155;201;3
tx2156;202;1
tx2157;302;2
tx2158;230;3
tx2159;291;1
tx2160;219;2
tx2161;200;3
tx2162;201;1
tx2163;302;2
tx2164;201;3
tx2165;202;1
tx2166;302;2
tx2167;230;3
tx2168;291;1
tx2169;219;2
tx2170;200;3
tx2171;201;1
tx2172;302;2
tx2173;201;3
tx2174;202;1
tx2175;302;2
tx2176;230;3
tx2177;291;1
tx2178;219;2
tx2179;200;3
tx2180;201;1
tx2181;302;2
tx2182;201;3
tx2183;202;1
tx2184;302;2
tx2185;230;3
tx2186;291;1
tx2187;219;2
tx2188;200;3
tx2189;201;1
tx2190;302;2
tx2191;201;3
tx2192;202;1
tx2193;302;2
tx2194;230;3
tx2195;291;1
tx2196;219;2
tx2197;200;3
tx2198;201;1
tx2199;302;2
tx2200;201;3
tx2201;202;1
tx2202;302;2
tx2203;230;3
tx2204;291;1
tx2205;219;2
tx2206;200;3
tx2207;201;1
tx2208;302;2
tx2209;201;3
tx2210;202;1
tx2211;302;2
tx2212;230;3
tx2213;291;1
tx2214;219;2
tx2215;200;3
tx2216;201;1
tx2217;302;2
tx2218;201;3
tx2219;202;1
tx2220;302;2
tx2221;230;3
tx2222;291;1
tx2223;219;2
tx2224;200;3
tx2225;201;1
tx2226;302;2
tx2227;201;3
tx2228;202;1
tx2229;302;2
tx2230;230;3
tx2231;291;1
tx2232;219;2
tx2233;200;3
tx2234;201;1
tx2235;302;2
tx2236;201;3
tx2237;202;1
tx2238;302;2
tx2239;230;3
tx2240;291;1
tx2241;219;2
tx2242;200;3
tx2243;201;1
tx2244;302;2
tx2245;201;3
tx2246;202;1
tx2247;302;2
tx2248;230;3
tx2249;291;1
tx2250;219;2
tx2251;200;3
tx2252;201;1
tx2253;302;2
tx2254;201;3
tx2255;202;1
tx2256;302;2
tx2257;230;3
tx2258;291;1
tx2259;219;2
tx2260;200;3
tx2261;201;1
tx2262;302;2
tx2263;201;3
tx2264;202;1
tx2265;302;2
tx2266;230;3
tx2267;291;1
tx2268;219;2
tx2269;200;3
tx2270;201;1
tx2271;302;2
tx2272;201;3
tx2273;202;1
tx2274;302;2
tx2275;230;3
tx2276;291;1
tx2277;219;2
tx2278;200;3
tx2279;201;1
tx2280;302;2
tx2281;201;3
tx2282;202;1
tx2283;302;2
tx2284;230;3
tx2285;291;1
tx2286;219;2
tx2287;200;3
tx2288;201;1
tx2289;302;2
tx2290;201;3
tx2291;202;1
tx2292;302;2
tx2293;230;3
tx2294;291;1
tx2295;219;2
tx2296;200;3
tx2297;201;1
tx2298;302;2
tx2299;201;3
tx2300;202;1
tx2301;302;2
tx2302;230;3
tx2303;291;1
tx2304;219;2
tx2305;200;3
tx2306;201;1
tx2307;302;2
tx2308;201;3
tx2309;202;1
tx2310;302;2
tx2311;230;3
tx2312;291;1
tx2313;219;2
tx2314;200;3
tx2315;201;1
tx2316;302;2
tx2317;201;3
tx2318;202;1
tx2319;302;2
tx2320;230;3
tx2321;291;1
tx2322;219;2
tx2323;200;3
tx2324;201;1
tx2325;302;2
tx2326;201;3
tx2327;202;1
tx2328;302;2
tx2329;230;3
tx2330;291;1
tx2331;219;2
tx2332;200;3
tx2333;201;1
tx2334;302;2
tx2335;201;3
tx2336;202;1
tx2337;302;2
tx2338;230;3
tx2339;291;1
tx2340;219;2
tx2341;200;3
tx2342;201;1
tx2343;302;2
tx2344;201;3
tx2345;202;1
tx2346;302;2
tx2347;230;3
tx2348;291;1
tx2349;219;2
tx2350;200;3
tx2351;201;1
tx2352;302;2
tx2353;201;3
tx2354;202;1
tx2355;302;2
tx2356;230;3
tx2357;291;1
tx2358;219;2
tx2359;200;3
tx2360;201;1
tx2361;302;2
tx2362;201;3
tx2363;202;1
tx2364;302;2
tx2365;230;3
tx2366;291;1
tx2367;219;2
tx2368;200;3
tx2369;201;1
tx2370;302;2
tx2371;201;3
tx2372;202;1
tx2373;302;2
tx2374;230;3
tx2375;291;1
tx2376;219;2
tx2377;200;3
tx2378;201;1
tx2379;302;2
tx2380;201;3
tx2381;202;1
tx2382;302;2
tx2383;230;3
tx2384;291;1
tx2385;219;2
tx2386;200;3
tx2387;201;1
tx2388;302;2
tx2389;201;3
tx2390;202;1
tx2391;302;2
tx2392;230;3
tx2393;291;1
tx2394;219;2
tx2395;200;3
tx2396;201;1
tx2397;302;2
tx2398;201;3
tx2399;202;1
tx2400;302;2
tx2401;230;3
tx2402;291;1
tx2403;219;2
tx2404;200;3
tx2405;201;1
tx2406;302;2
tx2407;201;3
tx2408;202;1
tx2409;302;2
tx2410;230;3
tx2411;291;1
tx2412;219;2
tx2413;200;3
tx2414;201;1
tx2415;302;2
tx2416;201;3
tx2417;202;1
tx2418;302;2
tx2419;230;3
tx2420;291;1
tx2421;219;2
tx2422;200;3
tx2423;201;1
tx2424;302;2
tx2425;201;3
tx2426;202;1
tx2427;302;2
tx2428;230;3
tx2429;291;1
tx2430;219;2
tx2431;200;3
tx2432;201;1
tx2433;302;2
tx2434;201;3
tx2435;202;1
tx2436;302;2
tx2437;230;3
tx2438;291;1
tx2439;219;2
tx2440;200;3
tx2441;201;1
tx2442;302;2
tx2443;201;3
tx2444;202;1
tx2445;302;2
tx2446;230;3
tx2447;291;1
tx2448;219;2
tx2449;200;3
tx2450;201;1
tx2451;302;2
tx2452;201;3
tx2453;202;1
tx2454;302;2
tx2455;230;3
tx2456;291;1
tx2457;219;2
tx2458;200;3
tx2459;201;1
tx2460;302;2
tx2461;201;3
tx2462;202;1
tx2463;302;2
tx2464;230;3
tx2465;291;1
tx2466;219;2
tx2467;200;3
tx2468;201;1
tx2469;302;2
tx2470;201;3
tx2471;202;1
tx2472;302;2
tx2473;230;3
tx2474;291;1
tx2475;219;2
tx2476;200;3
tx2477;201;1
tx2478;302;2
tx2479;201;3
tx2480;202;1
tx2481;302;2
tx2482;230;3
tx2483;291;1
tx2484;219;2
tx2485;200;3
tx2486;201;1
tx2487;302;2
tx2488;201;3
tx2489;202;1
tx2490;302;2
tx2491;230;3
tx2492;291;1
tx2493;219;2
tx2494;200;3
tx2495;201;1
tx2496;302;2
tx2497;201;3
tx2498;202;1
tx2499;302;2
tx2500;202;3
tx2501;302;1
tx2502;230;2
tx2503;291;3
tx2504;219;1
tx2505;200;2
tx2506;201;3
tx2507;302;1
tx2508;201;2
tx2509;202;3
tx2510;302;1
tx2511;230;2
tx2512;291;3
tx2513;219;1
tx2514;200;2
tx2515;201;3
tx2516;302;1
tx2517;201;2
tx2518;202;3
tx2519;302;1
tx2520;230;2
tx2521;291;3
tx2522;219;1
tx2523;200;2
tx2524;201;3
tx2525;302;1
tx2526;201;2
tx2527;202;3
tx2528;302;1
tx2529;230;2
tx2530;291;3
tx2531;219;1
tx2532;200;2
tx2533;201;3
tx2534;302;1
tx2535;201;2
tx2536;202;3
tx2537;302;1
tx2538;230;2
tx2539;291;3
tx2540;219;1
tx2541;200;2
tx2542;201;3
tx2543;302;1
tx2544;201;2
tx2545;202;3
tx2546;302;1
tx2547;230;2
tx2548;291;3
tx2549;219;1
tx2550;200;2
tx2551;201;3
tx2552;302;1
tx2553;201;2
tx2554;202;3
tx2555;302;1
tx2556;230;2
tx2557;291;3
tx2558;219;1
tx2559;200;2
tx2560;201;3
tx2561;302;1
tx2562;201;2
tx2563;202;3
tx2564;302;1
tx2565;230;2
tx2566;291;3
tx2567;219;1
tx2568;200;2
tx2569;201;3
tx2570;302;1
tx2571;201;2
tx2572;202;3
tx2573;302;1
tx2574;230;2
tx2575;291;3
tx2576;219;1
tx2577;200;2
tx2578;201;3
tx2579;302;1
tx2580;201;2
tx2581;202;3
tx2582;302;1
tx2583;230;2
tx2584;291;3
tx2585;219;1
tx2586;200;2
tx2587;201;3
tx2588;302;1
tx2589;201;2
tx2590;202;3
tx2591;302;1
tx2592;230;2
tx2593;291;3
tx2594;219;1
tx2595;200;2
tx2596;201;3
tx2597;302;1
tx2598;201;2
tx2599;202;3
tx2600;302;1
tx2601;230;2
tx2602;291;3
tx2603;219;1
tx2604;200;2
tx2605;201;3
tx2606;302;1
tx2607;201;2
tx2608;202;3
tx2609;302;1
tx2610;230;2
tx2611;291;3
tx2612;219;1
tx2613;200;2
tx2614;201;3
tx2615;302;1
tx2616;201;2
tx2617;202;3
tx2618;302;1
tx2619;230;2
tx2620;291;3
tx2621;219;1
tx2622;200;2
tx2623;201;3
tx2624;302;1
tx2625;201;2
tx2626;202;3
tx2627;302;1
tx2628;230;2
tx2629;291;3
tx2630;219;1
tx2631;200;2
tx2632;201;3
tx2633;302;1
tx2634;201;2
tx2635;202;3
tx2636;302;1
tx2637;230;2
tx2638;291;3
tx2639;219;1
tx2640;200;2
tx2641;201;3
tx2642;302;1
tx2643;201;2
tx2644;202;3
tx2645;302;1
tx2646;230;2
tx2647;291;3
tx2648;219;1
tx2649;200;2
tx2650;201;3
tx2651;302;1
tx2652;201;2
tx2653;202;3
tx2654;302;1
tx2655;230;2
tx2656;291;3
tx2657;219;1
tx2658;200;2
tx2659;201;3
tx2660;302;1
tx2661;201;2
tx2662;202;3
tx2663;302;1
tx2664;230;2
tx2665;291;3
tx2666;219;1
tx2667;200;2
tx2668;201;3
tx2669;302;1
tx2670;201;2
tx2671;202;3
tx2672;302;1
tx2673;230;2
tx2674;291;3
tx2675;219;1
tx2676;200;2
tx2677;201;3
tx2678;302;1
tx2679;201;2
tx2680;202;3
tx2681;302;1
tx2682;230;2
tx2683;291;3
tx2684;219;1
tx2685;200;2
tx2686;201;3
tx2687;302;1
tx2688;201;2
tx2689;202;3
tx2690;302;1
tx2691;230;2
tx2692;291;3
tx2693;219;1
tx2694;200;2
tx2695;201;3
tx2696;302;1
tx2697;201;2
tx2698;202;3
tx2699;302;1
tx2700;230;2
tx2701;291;3
tx2702;219;1
tx2703;200;2
tx2704;201;3
tx2705;302;1
tx2706;201;2
tx2707;202;3
tx2708;302;1
tx2709;230;2
tx2710;291;3
tx2711;219;1
tx2712;200;2
tx2713;201;3
tx2714;302;1
tx2715;201;2
tx2716;202;3
tx2717;302;1
tx2718;230;2
tx2719;291;3
tx2720;219;1
tx2721;200;2
tx2722;201;3
tx2723;302;1
tx2724;201;2
tx2725;202;3
tx2726;302;1
tx2727;230;2
tx2728;291;3
tx2729;219;1
tx2730;200;2
tx2731;201;3
tx2732;302;1
tx2733;201;2
tx2734;202;3
tx2735;302;1
tx2736;230;2
tx2737;291;3
tx2738;219;1
tx2739;200;2
tx2740;201;3
tx2741;302;1
tx2742;201;2
tx2743;202;3
tx2744;302;1
tx2745;230;2
tx2746;291;3
tx2747;219;1
tx2748;200;2
tx2749;201;3
tx2750;302;1
tx2751;201;2
tx2752;202;3
tx2753;302;1
tx2754;230;2
tx2755;291;3
tx2756;219;1
tx2757;200;2
tx2758;201;3
tx2759;302;1
tx2760;201;2
tx2761;202;3
tx2762;302;1
tx2763;230;2
tx2764;291;3
tx2765;219;1
tx2766;200;2
tx2767;201;3
tx2768;302;1
tx2769;201;2
tx2770;202;3
tx2771;302;1
tx2772;230;2
tx2773;291;3
tx2774;219;1
tx2775;200;2
tx2776;201;3
tx2777;302;1
tx2778;201;2
tx2779;291;3
tx2780;219;1
tx2781;200;2
tx2782;201;3
tx2783;302;1
tx2784;201;2
tx2785;202;3
tx2786;302;1
tx2787;230;2
tx2788;291;3
tx2789;219;1
tx2790;200;2
tx2791;201;3
tx2792;302;1
tx2793;201;2
tx2794;202;3
tx2795;302;1
tx2796;230;2
tx2797;291;3
tx2798;219;1
tx2799;200;2
tx2800;201;3
tx2801;302;1
tx2802;201;2
tx2803;202;3
tx2804;302;1
tx2805;230;2
tx2806;291;3
tx2807;219;1
tx2808;200;2
tx2809;201;3
tx2810;302;1
tx2811;201;2
tx2812;202;3
tx2813;302;1
tx2814;230;2
tx2815;291;3
tx2816;219;1
tx2817;200;2
tx2818;201;3
tx2819;302;1
tx2820;201;2
tx2821;202;3
tx2822;302;1
tx2823;230;2
tx2824;291;3
tx2825;219;1
tx2826;200;2
tx2827;201;3
tx2828;302;1
tx2829;201;2
tx2830;202;3
tx2831;302;1
tx2832;230;2
tx2833;291;3
tx2834;219;1
tx2835;200;2
tx2836;201;3
tx2837;302;1
tx2838;201;2
tx2839;202;3
tx2840;302;1
tx2841;230;2
tx2842;291;3
tx2843;219;1
tx2844;200;2
tx2845;201;3
tx2846;302;1
tx2847;201;2
tx2848;202;3
tx2849;302;1
tx2850;230;2
tx2851;291;3
tx2852;219;1
tx2853;200;2
tx2854;201;3
tx2855;302;1
tx2856;201;2
tx2857;202;3
tx2858;302;1
tx2859;230;2
tx2860;291;3
tx2861;219;1
tx2862;200;2
tx2863;201;3
tx2864;302;1
tx2865;201;2
tx2866;202;3
tx2867;302;1
tx2868;230;2
tx2869;291;3
tx2870;219;1
tx2871;200;2
tx2872;201;3
tx2873;302;1
tx2874;201;2
tx2875;202;3
tx2876;302;1
tx2877;230;2
tx2878;291;3
tx2879;219;1
tx2880;200;2
tx2881;201;3
tx2882;302;1
tx2883;201;2
tx2884;202;3
tx2885;302;1
tx2886;230;2
tx2887;291;3
tx2888;219;1
tx2889;200;2
tx2890;201;3
tx2891;302;1
tx2892;201;2
tx2893;202;3
tx2894;302;1
tx2895;230;2
tx2896;291;3
tx2897;219;1
tx2898;200;2
tx2899;201;3
tx2900;302;1
tx2901;201;2
tx2902;202;3
tx2903;302;1
tx2904;230;2
tx2905;291;3
tx2906;219;1
tx2907;200;2
tx2908;201;3
tx2909;302;1
tx2910;201;2
tx2911;202;3
tx2912;302;1
tx2913;230;2
tx2914;291;3
tx2915;219;1
tx2916;200;2
tx2917;201;3
tx2918;302;1
tx2919;201;2
tx2920;202;3
tx2921;302;1
tx2922;230;2
tx2923;291;3
tx2924;219;1
tx2925;200;2
tx2926;201;3
tx2927;302;1
tx2928;201;2
tx2929;202;3
tx2930;302;1
tx2931;230;2
tx2932;291;3
tx2933;219;1
tx2934;200;2
tx2935;201;3
tx2936;302;1
tx2937;201;2
tx2938;202;3
tx2939;302;1
tx2940;230;2
tx2941;291;3
tx2942;219;1
tx2943;200;2
tx2944;201;3
tx2945;302;1
tx2946;201;2
tx2947;202;3
tx2948;302;1
tx2949;230;2
tx2950;291;3
tx2951;219;1
tx2952;200;2
tx2953;201;3
tx2954;302;1
tx2955;201;2
tx2956;202;3
tx2957;302;1
tx2958;230;2
tx2959;291;3
tx2960;219;1
tx2961;200;2
tx2962;201;3
tx2963;302;1
tx2964;201;2
tx2965;202;3
tx2966;302;1
tx2967;230;2
tx2968;291;3
tx2969;219;1
tx2970;200;2
tx2971;201;3
tx2972;302;1
tx2973;201;2
tx2974;202;3
tx2975;302;1
tx2976;230;2
tx2977;291;3
tx2978;219;1
tx2979;200;2
tx2980;201;3
tx2981;302;1
tx2982;201;2
tx2983;202;3
tx2984;302;1
tx2985;230;2
tx2986;291;3
tx2987;219;1
tx2988;200;2
tx2989;201;3
tx2990;302;1
tx2991;201;2
tx2992;202;3
tx2993;302;1
tx2994;230;2
tx2995;291;3
tx2996;219;3
tx2997;200;4
tx2998;201;2
tx2999;302;1
tx3000;201;1
tx3001;202;1
tx3002;302;1
tx3003;230;1
tx3004;291;1
tx3005;219;1
tx3006;200;2
tx3007;201;3
tx3008;302;1
tx3009;201;2
tx3010;202;3
tx3011;302;1
tx3012;230;2
tx3013;291;3
tx3014;219;1
tx3015;200;2
tx3016;201;3
tx3017;302;1
tx3018;201;2
tx3019;202;3
tx3020;302;1
tx3021;230;2
tx3022;291;3
tx3023;219;1
tx3024;200;2
tx3025;201;3
tx3026;302;1
tx3027;201;2
tx3028;202;3
tx3029;302;1
tx3030;230;2
tx3031;291;3
tx3032;219;1
tx3033;200;2
tx3034;201;3
tx3035;302;1
tx3036;201;2
tx3037;202;3
tx3038;302;1
tx3039;230;2
tx3040;291;3
tx3041;219;1
tx3042;200;2
tx3043;201;3
tx3044;302;1
tx3045;201;2
tx3046;202;3
tx3047;302;1
tx3048;230;2
tx3049;291;3
tx3050;219;1
tx3051;200;2
tx3052;201;3
tx3053;302;1
tx3054;201;2
tx3055;202;3
tx3056;302;1
tx3057;230;2
tx3058;291;3
tx3059;219;1
tx3060;200;2
tx3061;201;3
tx3062;302;1
tx3063;201;2
tx3064;202;3
tx3065;302;1
tx3066;230;2
tx3067;291;3
tx3068;219;1
tx3069;200;2
tx3070;201;3
tx3071;302;1
tx3072;201;2
tx3073;202;3
tx3074;302;1
tx3075;230;2
tx3076;291;3
tx3077;219;1
tx3078;200;2
tx3079;201;3
tx3080;302;1
tx3081;201;2
tx3082;202;3
tx3083;302;1
tx3084;230;2
tx3085;291;3
tx3086;219;1
tx3087;200;2
tx3088;201;3
tx3089;302;1
tx3090;201;2
tx3091;202;3
tx3092;302;1
tx3093;230;2
tx3094;291;3
tx3095;219;1
tx3096;200;2
tx3097;201;3
tx3098;302;1
tx3099;201;2
tx3100;202;3
tx3101;302;1
tx3102;230;2
tx3103;291;3
tx3104;219;1
tx3105;200;2
tx3106;201;3
tx3107;302;1
tx3108;201;2
tx3109;202;3
tx3110;302;1
tx3111;230;2
tx3112;291;3
tx3113;219;1
tx3114;200;2
tx3115;201;3
tx3116;302;1
tx3117;201;2
tx3118;202;3
tx3119;302;1
tx3120;230;2
tx3121;291;3
tx3122;219;1
tx3123;200;2
tx3124;201;3
tx3125;302;1
tx3126;201;2
tx3127;202;3
tx3128;302;1
tx3129;230;2
tx3130;291;3
tx3131;219;1
tx3132;200;2
tx3133;201;3
tx3134;302;1
tx3135;201;2
tx3136;202;3
tx3137;302;1
tx3138;230;2
tx3139;291;3
tx3140;219;1
tx3141;200;2
tx3142;201;3
tx3143;302;1
tx3144;201;2
tx3145;202;3
tx3146;302;1
tx3147;230;2
tx3148;291;3
tx3149;219;1
tx3150;200;2
tx3151;201;3
tx3152;302;1
tx3153;201;2
tx3154;202;3
tx3155;302;1
tx3156;230;2
tx3157;291;3
tx3158;219;1
tx3159;200;2
tx3160;201;3
tx3161;302;1
tx3162;201;2
tx3163;202;3
tx3164;302;1
tx3165;230;2
tx3166;291;3
tx3167;219;1
tx3168;200;2
tx3169;201;3
tx3170;302;1
tx3171;201;2
tx3172;202;3
tx3173;302;1
tx3174;230;2
tx3175;291;3
tx3176;219;1
tx3177;200;2
tx3178;201;3
tx3179;302;1
tx3180;201;2
tx3181;202;3
tx3182;302;1
tx3183;230;2
tx3184;291;3
tx3185;219;1
tx3186;200;2
tx3187;201;3
tx3188;302;1
tx3189;201;2
tx3190;202;3
tx3191;302;1
tx3192;230;2
tx3193;291;3
tx3194;219;1
tx3195;200;2
tx3196;201;3
tx3197;302;1
tx3198;201;2
tx3199;202;3
tx3200;302;1
tx3201;230;2
tx3202;291;3
tx3203;219;1
tx3204;200;2
tx3205;201;3
tx3206;302;1
tx3207;201;2
tx3208;202;3
tx3209;302;1
tx3210;230;2
tx3211;291;3
tx3212;219;1
tx3213;200;2
tx3214;201;3
tx3215;302;1
tx3216;201;2
tx3217;202;3
tx3218;302;1
tx3219;230;2
tx3220;291;3
tx3221;219;1
tx3222;200;2
tx3223;201;3
tx3224;302;1
tx3225;201;2
tx3226;202;3
tx3227;302;1
tx3228;230;2
tx3229;291;3
tx3230;219;1
tx3231;200;2
tx3232;201;3
tx3233;302;1
tx3234;201;2
tx3235;202;3
tx3236;302;1
tx3237;230;2
tx3238;291;3
tx3239;219;1
tx3240;200;2
tx3241;201;3
tx3242;302;1
tx3243;201;2
tx3244;202;3
tx3245;302;1
tx3246;230;2
tx3247;291;3
tx3248;219;1
tx3249;200;2
tx3250;201;3
tx3251;302;1
tx3252;201;2
tx3253;202;3
tx3254;302;1
tx3255;230;2
tx3256;291;3
tx3257;219;1
tx3258;200;2
tx3259;201;3
tx3260;302;1
tx3261;201;2
tx3262;202;3
tx3263;302;1
tx3264;230;2
tx3265;291;3
tx3266;219;1
tx3267;200;2
tx3268;201;3
tx3269;302;1
tx3270;201;2
tx3271;202;3
tx3272;302;1
tx3273;230;2
tx3274;291;3
tx3275;219;1
tx3276;200;2
tx3277;201;3
tx3278;302;1
tx3279;201;2
tx3280;202;3
tx3281;302;1
tx3282;230;2
tx3283;291;3
tx3284;219;1
tx3285;200;2
tx3286;201;3
tx3287;302;1
tx3288;201;2
tx3289;202;3
tx3290;302;1
tx3291;230;2
tx3292;291;3
tx3293;219;1
tx3294;200;2
tx3295;201;3
tx3296;302;1
tx3297;201;2
tx3298;202;3
tx3299;302;1
tx3300;230;2
tx3301;291;3
tx3302;219;1
tx3303;200;2
tx3304;201;3
tx3305;302;1
tx3306;201;2
tx3307;202;3
tx3308;302;1
tx3309;230;2
tx3310;291;3
tx3311;219;1
tx3312;200;2
tx3313;201;3
tx3314;302;1
tx3315;201;2
tx3316;202;3
tx3317;302;1
tx3318;230;2
tx3319;291;3
tx3320;219;1
tx3321;200;2
tx3322;201;3
tx3323;302;1
tx3324;201;2
tx3325;202;3
tx3326;302;1
tx3327;230;2
tx3328;291;3
tx3329;219;1
tx3330;200;2
tx3331;201;3
tx3332;302;1
tx3333;201;2
tx3334;202;3
tx3335;302;1
tx3336;230;2
tx3337;291;3
tx3338;219;1
tx3339;200;2
tx3340;201;3
tx3341;302;1
tx3342;201;2
tx3343;202;3
tx3344;302;1
tx3345;230;2
tx3346;291;3
tx3347;219;1
tx3348;200;2
tx3349;201;3
tx3350;302;1
tx3351;201;2
tx3352;202;3
tx3353;302;1
tx3354;230;2
tx3355;291;3
tx3356;219;1
tx3357;200;2
tx3358;201;3
tx3359;302;1
tx3360;201;2
tx3361;202;3
tx3362;302;1
tx3363;230;2
tx3364;291;3
tx3365;219;1
tx3366;200;2
tx3367;201;3
tx3368;302;1
tx3369;201;2
tx3370;202;3
tx3371;302;1
tx3372;230;2
tx3373;291;3
tx3374;219;1
tx3375;200;2
tx3376;201;3
tx3377;302;1
tx3378;201;2
tx3379;202;3
tx3380;302;1
tx3381;230;2
tx3382;291;3
tx3383;219;1
tx3384;200;2
tx3385;201;3
tx3386;302;1
tx3387;201;2
tx3388;202;3
tx3389;302;1
tx3390;230;2
tx3391;291;3
tx3392;219;1
tx3393;200;2
tx3394;201;3
tx3395;302;1
tx3396;201;2
tx3397;202;3
tx3398;302;1
tx3399;230;2
tx3400;291;3
tx3401;219;1
tx3402;200;2
tx3403;201;3
tx3404;302;1
tx3405;201;2
tx3406;202;3
tx3407;302;1
tx3408;230;2
tx3409;291;3
tx3410;219;1
tx3411;200;2
tx3412;201;3
tx3413;302;1
tx3414;201;2
tx3415;202;3
tx3416;302;1
tx3417;230;2
tx3418;291;3
tx3419;219;1
tx3420;200;2
tx3421;201;3
tx3422;302;1
tx3423;201;2
tx3424;202;3
tx3425;302;1
tx3426;230;2
tx3427;291;3
tx3428;219;1
tx3429;200;2
tx3430;201;3
tx3431;302;1
tx3432;201;2
tx3433;202;3
tx3434;302;1
tx3435;230;2
tx3436;291;3
tx3437;219;1
tx3438;200;2
tx3439;201;3
tx3440;302;1
tx3441;201;2
tx3442;202;3
tx3443;302;1
tx3444;230;2
tx3445;291;3
tx3446;219;1
tx3447;200;2
tx3448;201;3
tx3449;302;1
tx3450;201;2
tx3451;202;3
tx3452;302;1
tx3453;230;2
tx3454;291;3
tx3455;219;1
tx3456;200;2
tx3457;201;3
tx3458;302;1
tx3459;201;2
tx3460;202;3
tx3461;302;1
tx3462;202;2
tx3463;302;3
tx3464;230;1
tx3465;291;2
tx3466;219;3
tx3467;200;1
tx3468;201;2
tx3469;302;3
tx3470;201;1
tx3471;202;2
tx3472;302;3
tx3473;230;1
tx3474;291;2
tx3475;219;3
tx3476;200;1
tx3477;201;2
tx3478;302;3
tx3479;201;1
tx3480;202;2
tx3481;302;3
tx3482;230;1
tx3483;291;2
tx3484;219;3
tx3485;200;1
tx3486;201;2
tx3487;302;3
tx3488;201;1
tx3489;202;2
tx3490;302;3
tx3491;230;1
tx3492;291;2
tx3493;219;3
tx3494;200;1
tx3495;201;2
tx3496;302;3
tx3497;201;1
tx3498;202;2
tx3499;302;3
tx3500;230;1
tx3501;291;2
tx3502;219;3
tx3503;200;1
tx3504;201;2
tx3505;302;3
tx3506;201;1
tx3507;202;2
tx3508;302;3
tx3509;230;1
tx3510;291;2
tx3511;219;3
tx3512;200;1
tx3513;201;2
tx3514;302;3
tx3515;201;1
tx3516;202;2
tx3517;302;3
tx3518;230;1
tx3519;291;2
tx3520;219;3
tx3521;200;1
tx3522;201;2
tx3523;302;3
tx3524;201;1
tx3525;202;2
tx3526;302;3
tx3527;230;1
tx3528;291;2
tx3529;219;3
tx3530;200;1
tx3531;201;2
tx3532;302;3
tx3533;201;1
tx3534;202;2
tx3535;302;3
tx3536;230;1
tx3537;291;2
tx3538;219;3
tx3539;200;1
tx3540;201;2
tx3541;302;3
tx3542;201;1
tx3543;202;2
tx3544;302;3
tx3545;230;1
tx3546;291;2
tx3547;219;3
tx3548;200;1
tx3549;201;2
tx3550;302;3
tx3551;201;1
tx3552;202;2
tx3553;302;3
tx3554;230;1
tx3555;291;2
tx3556;219;3
tx3557;200;1
tx3558;201;2
tx3559;302;3
tx3560;201;1
tx3561;202;2
tx3562;302;3
tx3563;230;1
tx3564;291;2
tx3565;219;3
tx3566;200;1
tx3567;201;2
tx3568;302;3
tx3569;201;1
tx3570;202;2
tx3571;302;3
tx3572;230;1
tx3573;291;2
tx3574;219;3
tx3575;200;1
tx3576;201;2
tx3577;302;3
tx3578;201;1
tx3579;202;2
tx3580;302;3
tx3581;230;1
tx3582;291;2
tx3583;219;3
tx3584;200;1
tx3585;201;2
tx3586;302;3
tx3587;201;1
tx3588;202;2
tx3589;302;3
tx3590;230;1
tx3591;291;2
tx3592;219;3
tx3593;200;1
tx3594;201;2
tx3595;302;3
tx3596;201;1
tx3597;202;2
tx3598;302;3
tx3599;230;1
tx3600;291;2
tx3601;219;3
tx3602;200;1
tx3603;201;2
tx3604;302;3
tx3605;201;1
tx3606;202;2
tx3607;302;3
tx3608;230;1
tx3609;291;2
tx3610;219;3
tx3611;200;1
tx3612;201;2
tx3613;302;3
tx3614;201;1
tx3615;202;2
tx3616;302;3
tx3617;230;1
tx3618;291;2
tx3619;219;3
tx3620;200;1
tx3621;201;2
tx3622;302;3
tx3623;201;1
tx3624;202;2
tx3625;302;3
tx3626;230;1
tx3627;291;2
tx3628;219;3
tx3629;200;1
tx3630;201;2
tx3631;302;3
tx3632;201;1
tx3633;202;2
tx3634;302;3
tx3635;230;1
tx3636;291;2
tx3637;219;3
tx3638;200;1
tx3639;201;2
tx3640;302;3
tx3641;201;1
tx3642;202;2
tx3643;302;3
tx3644;230;1
tx3645;291;2
tx3646;219;3
tx3647;200;1
tx3648;201;2
tx3649;302;3
tx3650;201;1
tx3651;202;2
tx3652;302;3
tx3653;230;1
tx3654;291;2
tx3655;219;3
tx3656;200;1
tx3657;201;2
tx3658;302;3
tx3659;201;1
tx3660;202;2
tx3661;302;3
tx3662;230;1
tx3663;291;2
tx3664;219;3
tx3665;200;1
tx3666;201;2
tx3667;302;3
tx3668;201;1
tx3669;202;2
tx3670;302;3
tx3671;230;1
tx3672;291;2
tx3673;219;3
tx3674;200;1
tx3675;201;2
tx3676;302;3
tx3677;201;1
tx3678;202;2
tx3679;302;3
tx3680;230;1
tx3681;291;2
tx3682;219;3
tx3683;200;1
tx3684;201;2
tx3685;302;3
tx3686;201;1
tx3687;202;2
tx3688;302;3
tx3689;230;1
tx3690;291;2
tx3691;219;3
tx3692;200;1
tx3693;201;2
tx3694;302;3
tx3695;201;1
tx3696;202;2
tx3697;302;3
tx3698;230;1
tx3699;291;2
tx3700;219;3
tx3701;200;1
tx3702;201;2
tx3703;302;3
tx3704;201;1
tx3705;202;2
tx3706;302;3
tx3707;230;1
tx3708;291;2
tx3709;219;3
tx3710;200;1
tx3711;201;2
tx3712;302;3
tx3713;201;1
tx3714;202;2
tx3715;302;3
tx3716;230;1
tx3717;291;2
tx3718;219;3
tx3719;200;1
tx3720;201;2
tx3721;302;3
tx3722;201;1
tx3723;202;2
tx3724;302;3
tx3725;230;1
tx3726;291;2
tx3727;219;3
tx3728;200;1
tx3729;201;2
tx3730;302;3
tx3731;201;1
tx3732;202;2
tx3733;302;3
tx3734;230;1
tx3735;291;2
tx3736;219;3
tx3737;200;1
tx3738;201;2
tx3739;302;3
tx3740;201;1
tx3741;202;2
tx3742;302;3
tx3743;230;1
tx3744;291;2
tx3745;219;3
tx3746;200;1
tx3747;201;2
tx3748;302;3
tx3749;201;1
tx3750;202;2
tx3751;302;3
tx3752;230;1
tx3753;291;2
tx3754;219;3
tx3755;200;1
tx3756;201;2
tx3757;302;3
tx3758;201;1
tx3759;202;2
tx3760;302;3
tx3761;230;1
tx3762;291;2
tx3763;219;3
tx3764;200;1
tx3765;201;2
tx3766;302;3
tx3767;201;1
tx3768;202;2
tx3769;302;3
tx3770;230;1
tx3771;291;2
tx3772;219;3
tx3773;200;1
tx3774;201;2
tx3775;302;3
tx3776;201;1
tx3777;202;2
tx3778;302;3
tx3779;201;1
tx3780;302;2
tx3781;201;3
tx3782;202;1
tx3783;302;2
tx3784;230;3
tx3785;291;1
tx3786;219;2
tx3787;200;3
tx3788;201;1
tx3789;302;2
tx3790;201;3
tx3791;202;1
tx3792;302;2
tx3793;230;3
tx3794;291;1
tx3795;219;2
tx3796;200;3
tx3797;201;1
tx3798;302;2
tx3799;201;3
tx3800;202;1
tx3801;302;2
tx3802;230;3
tx3803;291;1
tx3804;219;2
tx3805;200;3
tx3806;201;1
tx3807;302;2
tx3808;201;3
tx3809;202;1
tx3810;302;2
tx3811;230;3
tx3812;291;1
tx3813;219;2
tx3814;200;3
tx3815;201;1
tx3816;302;2
tx3817;201;3
tx3818;202;1
tx3819;302;2
tx3820;230;3
tx3821;291;1
tx3822;219;2
tx3823;200;3
tx3824;201;1
tx3825;302;2
tx3826;201;3
tx3827;202;1
tx3828;302;2
tx3829;230;3
tx3830;291;1
tx3831;219;2
tx3832;200;3
tx3833;201;1
tx3834;302;2
tx3835;201;3
tx3836;202;1
tx3837;302;2
tx3838;230;3
tx3839;291;1
tx3840;219;2
tx3841;200;3
tx3842;201;1
tx3843;302;2
tx3844;201;3
tx3845;202;1
tx3846;302;2
tx3847;230;3
tx3848;291;1
tx3849;219;2
tx3850;200;3
tx3851;201;1
tx3852;302;2
tx3853;201;3
tx3854;202;1
tx3855;302;2
tx3856;230;3
tx3857;291;1
tx3858;219;2
tx3859;200;3
tx3860;201;1
tx3861;302;2
tx3862;201;3
tx3863;202;1
tx3864;302;2
tx3865;230;3
tx3866;291;1
tx3867;219;2
tx3868;200;3
tx3869;201;1
tx3870;302;2
tx3871;201;3
tx3872;202;1
tx3873;302;2
tx3874;230;3
tx3875;291;1
tx3876;219;2
tx3877;200;3
tx3878;201;1
tx3879;302;2
tx3880;201;3
tx3881;202;1
tx3882;302;2
tx3883;230;3
tx3884;291;1
tx3885;219;2
tx3886;200;3
tx3887;201;1
tx3888;302;2
tx3889;201;3
tx3890;202;1
tx3891;302;2
tx3892;230;3
tx3893;291;1
tx3894;219;2
tx3895;200;3
tx3896;201;1
tx3897;302;2
tx3898;201;3
tx3899;202;1
tx3900;302;2
tx3901;230;3
tx3902;291;1
tx3903;219;2
tx3904;200;3
tx3905;201;1
tx3906;302;2
tx3907;201;3
tx3908;202;1
tx3909;302;2
tx3910;230;3
tx3911;291;1
tx3912;219;2
tx3913;200;3
tx3914;201;1
tx3915;302;2
tx3916;201;3
tx3917;202;1
tx3918;302;2
tx3919;230;3
tx3920;291;1
tx3921;219;2
tx3922;200;3
tx3923;201;1
tx3924;302;2
tx3925;201;3
tx3926;202;1
tx3927;302;2
tx3928;230;3
tx3929;291;1
tx3930;219;2
tx3931;200;3
tx3932;201;1
tx3933;302;2
tx3934;201;3
tx3935;202;1
tx3936;302;2
tx3937;230;3
tx3938;291;1
tx3939;219;2
tx3940;200;3
tx3941;201;1
tx3942;302;2
tx3943;201;3
tx3944;202;1
tx3945;302;2
tx3946;230;3
tx3947;291;1
tx3948;219;2
tx3949;200;3
tx3950;201;1
tx3951;302;2
tx3952;201;3
tx3953;202;1
tx3954;302;2
tx3955;230;3
tx3956;291;1
tx3957;219;2
tx3958;200;3
tx3959;201;1
tx3960;302;2
tx3961;201;3
tx3962;202;1
tx3963;302;2
tx3964;230;3
tx3965;291;1
tx3966;219;2
tx3967;200;3
tx3968;201;1
tx3969;302;2
tx3970;201;3
tx3971;202;1
tx3972;302;2
tx3973;230;3
tx3974;291;1
tx3975;219;2
tx3976;200;3
tx3977;201;1
tx3978;302;2
tx3979;201;3
tx3980;202;1
tx3981;302;2
tx3982;230;3
tx3983;291;1
tx3984;219;2
tx3985;200;3
tx3986;201;1
tx3987;302;2
tx3988;201;3
tx3989;202;1
tx3990;302;2
tx3991;230;3
tx3992;291;1
tx3993;219;2
tx3994;200;3
tx3995;201;3
tx3996;302;4
tx3997;201;3
tx3998;202;3
tx3999;302;4
tx4000;230;1
tx4001;291;2
tx4002;219;3
tx4003;200;1
tx4004;201;2
tx4005;302;3
tx4006;201;1
tx4007;202;2
tx4008;302;3
tx4009;230;1
tx4010;291;2
tx4011;219;3
tx4012;200;1
tx4013;201;2
tx4014;302;3
tx4015;201;1
tx4016;202;2
tx4017;302;3
tx4018;230;1
tx4019;291;2
tx4020;219;3
tx4021;200;1
tx4022;201;2
tx4023;302;3
tx4024;201;1
tx4025;202;2
tx4026;302;3
tx4027;230;1
tx4028;291;2
tx4029;219;3
tx4030;200;1
tx4031;201;2
tx4032;302;3
tx4033;201;1
tx4034;202;2
tx4035;302;3
tx4036;230;1
tx4037;291;2
tx4038;219;3
tx4039;200;1
tx4040;201;2
tx4041;302;3
tx4042;201;1
tx4043;202;2
tx4044;302;3
tx4045;230;1
tx4046;291;2
tx4047;219;3
tx4048;200;1
tx4049;201;2
tx4050;302;3
tx4051;201;1
tx4052;202;2
tx4053;302;3
tx4054;230;1
tx4055;291;2
tx4056;219;3
tx4057;200;1
tx4058;201;2
tx4059;302;3
tx4060;201;1
tx4061;202;2
tx4062;302;3
tx4063;230;1
tx4064;291;2
tx4065;219;3
tx4066;200;1
tx4067;201;2
tx4068;302;3
tx4069;201;1
tx4070;202;2
tx4071;302;3
tx4072;230;1
tx4073;291;2
tx4074;219;3
tx4075;200;1
tx4076;201;2
tx4077;302;3
tx4078;201;1
tx4079;202;2
tx4080;302;3
tx4081;230;1
tx4082;291;2
tx4083;219;3
tx4084;200;1
tx4085;201;2
tx4086;302;3
tx4087;201;1
tx4088;202;2
tx4089;302;3
tx4090;230;1
tx4091;291;2
tx4092;219;3
tx4093;200;1
tx4094;201;2
tx4095;302;3
tx4096;201;1
tx4097;202;2
tx4098;302;3
tx4099;230;1
tx4100;291;2
tx4101;219;3
tx4102;200;1
tx4103;201;2
tx4104;302;3
tx4105;201;1
tx4106;202;2
tx4107;302;3
tx4108;230;1
tx4109;291;2
tx4110;219;3
tx4111;200;1
tx4112;201;2
tx4113;302;3
tx4114;201;1
tx4115;202;2
tx4116;302;3
tx4117;230;1
tx4118;291;2
tx4119;219;3
tx4120;200;1
tx4121;201;2
tx4122;302;3
tx4123;201;1
tx4124;202;2
tx4125;302;3
tx4126;230;1
tx4127;291;2
tx4128;219;3
tx4129;200;1
tx4130;201;2
tx4131;302;3
tx4132;201;1
tx4133;202;2
tx4134;302;3
tx4135;230;1
tx4136;291;2
tx4137;219;3
tx4138;200;1
tx4139;201;2
tx4140;302;3
tx4141;201;1
tx4142;202;2
tx4143;302;3
tx4144;230;1
tx4145;291;2
tx4146;219;3
tx4147;200;1
tx4148;201;2
tx4149;302;3
tx4150;201;1
tx4151;202;2
tx4152;302;3
tx4153;230;1
tx4154;291;2
tx4155;219;3
tx4156;200;1
tx4157;201;2
tx4158;302;3
tx4159;201;1
tx4160;202;2
tx4161;302;3
tx4162;230;1
tx4163;291;2
tx4164;219;3
tx4165;200;1
tx4166;201;2
tx4167;302;3
tx4168;201;1
tx4169;202;2
tx4170;302;3
tx4171;230;1
tx4172;291;2
tx4173;219;3
tx4174;200;1
tx4175;201;2
tx4176;302;3
tx4177;201;1
tx4178;202;2
tx4179;302;3
tx4180;230;1
tx4181;291;2
tx4182;219;3
tx4183;200;1
tx4184;201;2
tx4185;302;3
tx4186;201;1
tx4187;202;2
tx4188;302;3
tx4189;230;1
tx4190;291;2
tx4191;219;3
tx4192;200;1
tx4193;201;2
tx4194;302;3
tx4195;201;1
tx4196;202;2
tx4197;302;3
tx4198;230;1
tx4199;291;2
tx4200;219;3
tx4201;200;1
tx4202;201;2
tx4203;302;3
tx4204;201;1
tx4205;202;2
tx4206;302;3
tx4207;230;1
tx4208;291;2
tx4209;219;3
tx4210;200;1
tx4211;201;2
tx4212;302;3
tx4213;201;1
tx4214;202;2
tx4215;302;3
tx4216;230;1
tx4217;291;2
tx4218;219;3
tx4219;200;1
tx4220;201;2
tx4221;302;3
tx4222;201;1
tx4223;202;2
tx4224;302;3
tx4225;230;1
tx4226;291;2
tx4227;219;3
tx4228;200;1
tx4229;201;2
tx4230;302;3
tx4231;201;1
tx4232;202;2
tx4233;302;3
tx4234;230;1
tx4235;291;2
tx4236;219;3
tx4237;200;1
tx4238;201;2
tx4239;302;3
tx4240;201;1
tx4241;202;2
tx4242;302;3
tx4243;230;1
tx4244;291;2
tx4245;219;3
tx4246;200;1
tx4247;201;2
tx4248;302;3
tx4249;201;1
tx4250;202;2
tx4251;302;3
tx4252;230;1
tx4253;291;2
tx4254;219;3
tx4255;200;1
tx4256;201;2
tx4257;302;3
tx4258;201;1
tx4259;202;2
tx4260;302;3
tx4261;230;1
tx4262;291;2
tx4263;219;3
tx4264;200;1
tx4265;201;2
tx4266;302;3
tx4267;201;1
tx4268;202;2
tx4269;302;3
tx4270;230;1
tx4271;291;2
tx4272;219;3
tx4273;200;1
tx4274;201;2
tx4275;302;3
tx4276;201;1
tx4277;202;2
tx4278;302;3
tx4279;201;1
tx4280;302;2
tx4281;201;3
tx4282;202;1
tx4283;302;2
tx4284;230;3
tx4285;291;1
tx4286;219;2
tx4287;200;3
tx4288;201;1
tx4289;302;2
tx4290;201;3
tx4291;202;1
tx4292;302;2
tx4293;230;3
tx4294;291;1
tx4295;219;2
tx4296;200;3
tx4297;201;1
tx4298;302;2
tx4299;201;3
tx4300;202;1
tx4301;302;2
tx4302;230;3
tx4303;291;1
tx4304;219;2
tx4305;200;3
tx4306;201;1
tx4307;302;2
tx4308;201;3
tx4309;202;1
tx4310;302;2
tx4311;230;3
tx4312;291;1
tx4313;219;2
tx4314;200;3
tx4315;201;1
tx4316;302;2
tx4317;201;3
tx4318;202;1
tx4319;302;2
tx4320;230;3
tx4321;291;1
tx4322;219;2
tx4323;200;3
tx4324;201;1
tx4325;302;2
tx4326;201;3
tx4327;202;1
tx4328;302;2
tx4329;230;3
tx4330;291;1
tx4331;219;2
tx4332;200;3
tx4333;201;1
tx4334;302;2
tx4335;201;3
tx4336;202;1
tx4337;302;2
tx4338;230;3
tx4339;291;1
tx4340;219;2
tx4341;200;3
tx4342;201;1
tx4343;302;2
tx4344;201;3
tx4345;202;1
tx4346;302;2
tx4347;230;3
tx4348;291;1
tx4349;219;2
tx4350;200;3
tx4351;201;1
tx4352;302;2
tx4353;201;3
tx4354;202;1
tx4355;302;2
tx4356;230;3
tx4357;291;1
tx4358;219;2
tx4359;200;3
tx4360;201;1
tx4361;302;2
tx4362;201;3
tx4363;202;1
tx4364;302;2
tx4365;230;3
tx4366;291;1
tx4367;219;2
tx4368;200;3
tx4369;201;1
tx4370;302;2
tx4371;201;3
tx4372;202;1
tx4373;302;2
tx4374;230;3
tx4375;291;1
tx4376;219;2
tx4377;200;3
tx4378;201;1
tx4379;302;2
tx4380;201;3
tx4381;202;1
tx4382;302;2
tx4383;230;3
tx4384;291;1
tx4385;219;2
tx4386;200;3
tx4387;201;1
tx4388;302;2
tx4389;201;3
tx4390;202;1
tx4391;302;2
tx4392;230;3
tx4393;291;1
tx4394;219;2
tx4395;200;3
tx4396;201;1
tx4397;302;2
tx4398;201;3
tx4399;202;1
tx4400;302;2
tx4401;230;3
tx4402;291;1
tx4403;219;2
tx4404;200;3
tx4405;201;1
tx4406;302;2
tx4407;201;3
tx4408;202;1
tx4409;302;2
tx4410;230;3
tx4411;291;1
tx4412;219;2
tx4413;200;3
tx4414;201;1
tx4415;302;2
tx4416;201;3
tx4417;202;1
tx4418;302;2
tx4419;230;3
tx4420;291;1
tx4421;219;2
tx4422;200;3
tx4423;201;1
tx4424;302;2
tx4425;201;3
tx4426;202;1
tx4427;302;2
tx4428;230;3
tx4429;291;1
tx4430;219;2
tx4431;200;3
tx4432;201;1
tx4433;302;2
tx4434;201;3
tx4435;202;1
tx4436;302;2
tx4437;230;3
tx4438;291;1
tx4439;219;2
tx4440;200;3
tx4441;201;1
tx4442;302;2
tx4443;201;3
tx4444;202;1
tx4445;302;2
tx4446;230;3
tx4447;291;1
tx4448;219;2
tx4449;200;3
tx4450;201;1
tx4451;302;2
tx4452;201;3
tx4453;202;1
tx4454;302;2
tx4455;230;3
tx4456;291;1
tx4457;219;2
tx4458;200;3
tx4459;201;1
tx4460;302;2
tx4461;201;3
tx4462;202;1
tx4463;302;2
tx4464;230;3
tx4465;291;1
tx4466;219;2
tx4467;200;3
tx4468;201;1
tx4469;302;2
tx4470;201;3
tx4471;202;1
tx4472;302;2
tx4473;230;3
tx4474;291;1
tx4475;219;2
tx4476;200;3
tx4477;201;1
tx4478;302;2
tx4479;201;3
tx4480;202;1
tx4481;302;2
tx4482;230;3
tx4483;291;1
tx4484;219;2
tx4485;200;3
tx4486;201;1
tx4487;302;2
tx4488;201;3
tx4489;202;1
tx4490;302;2
tx4491;230;3
tx4492;291;1
tx4493;219;2
tx4494;200;3
tx4495;201;3
tx4496;302;4
tx4497;201;3
tx4498;202;3
tx4499;302;4
tx4500;202;3
